"Jaartal","Inflatie"
2005,1.7
2006,1.1
2007,1.6
2008,2.5
2009,1.2
2010,1.3
2011,2.3
2012,2.5
2013,2.5
2014,1
2015,0.6
2016,0.3
2017,1.4
2018,1.7
2019,2.6
2020,1.3
2021,2.7
2022,10
2023,3.8
2024,3.3
2025,3.3
